Date,Company,Open Price,Close Price,Volume Traded
2024-05-19 18:50:26.293406,MICROSFT,132.12047554819554,187.41204863796224,760231
2024-05-02 18:50:26.293406,AAPLE,361.0980452527473,350.60356052961566,599981
2023-07-15 18:50:26.293406,AMAZON,485.3858982665027,122.56448079248518,402792
2024-05-03 18:50:26.293406,MICROSFT,320.51991386640043,236.36226487238778,50619
2024-05-28 18:50:26.293406,TESLA,419.8560716472162,464.49359152310717,988459
2023-10-09 18:50:26.293406,MICROSFT,432.817492359918,75.50612596373927,333406
2024-09-05 18:50:26.293406,AAPLE,65.8750874574609,248.9264538719517,183118
2023-11-10 18:50:26.293406,AAPLE,461.376304694813,471.2726413593615,503908
2024-07-11 18:50:26.293406,MICROSFT,64.65739436016243,135.92396049021661,715656
2024-01-01 18:50:26.293406,AAPLE,104.52522059638929,309.7105185970307,193523
2022-11-08 18:50:26.293406,GOOGLE,291.2585239387655,103.54654184255554,679006
2024-08-10 18:50:26.293406,TESLA,318.45295031525944,54.11498568942181,427777
2023-10-14 18:50:26.293406,GOOGLE,413.8376171326967,125.4876577452998,494793
2023-03-01 18:50:26.293406,TESLA,171.11578224975398,193.9567801630541,447973
2023-08-10 18:50:26.293406,AMAZON,336.23938209639465,141.0419128667681,8849
2022-11-16 18:50:26.293406,AAPLE,56.89149889989148,357.5770989279202,120973
2023-12-16 18:50:26.293406,AAPLE,261.2667365348232,367.5954967623326,377747
2024-08-24 18:50:26.293406,AAPLE,458.4126311779055,106.00836815546258,412971
2023-01-28 18:50:26.293406,GOOGLE,247.73917720983212,386.74650912758216,102728
2023-01-18 18:50:26.293406,MICROSFT,286.9798404462214,136.5629279328517,814907
2022-11-19 18:50:26.293406,MICROSFT,331.6581001361025,442.88147977137083,708415
2024-04-26 18:50:26.293406,MICROSFT,92.24571750907009,384.87383648108175,732482
2024-06-02 18:50:26.293406,GOOGLE,211.90549347224203,53.58348519257266,449049
2024-09-02 18:50:26.293406,AAPLE,286.6017275966752,202.25872226404144,317958
2023-03-29 18:50:26.293406,TESLA,200.0103223551554,241.93955064674583,370602
2023-05-26 18:50:26.293406,GOOGLE,358.1006986566228,341.7386356714015,170554
2023-11-18 18:50:26.293406,MICROSFT,182.5547312801632,236.02510675412574,823442
2024-07-30 18:50:26.293406,AAPLE,402.15351449372747,490.48036218187826,726876
2024-03-20 18:50:26.293406,TESLA,491.62182698869356,235.49107613347383,670220
2023-07-01 18:50:26.293406,MICROSFT,330.37804288468,228.66263212188127,128981
2023-12-09 18:50:26.293406,TESLA,426.8212459615444,222.66653247456276,819462
2024-03-01 18:50:26.293406,AAPLE,396.5852470065218,216.52192972368516,991138
2024-04-07 18:50:26.293406,MICROSFT,421.130933944272,176.48930255955366,654988
2024-09-28 18:50:26.293406,TESLA,263.8979949473745,197.2322728978883,181447
2024-07-25 18:50:26.293406,AMAZON,486.90835933525204,307.62435026401226,298039
2023-01-15 18:50:26.293406,GOOGLE,327.5992211705189,179.8987500249797,353122
2022-12-30 18:50:26.293406,AMAZON,418.3924508897709,481.63048890724207,654420
2023-05-05 18:50:26.293406,AMAZON,475.28173803188633,475.90744534580864,341646
2023-01-21 18:50:26.293406,TESLA,186.18324742504876,241.0821220795727,637384
2024-03-13 18:50:26.293406,AAPLE,380.28034758455476,429.88260002815423,147557
2023-07-09 18:50:26.293406,AMAZON,258.6386193660434,398.10764939006185,807003
2024-03-02 18:50:26.293406,AAPLE,105.92278666878892,113.42798346775459,926102
2023-02-18 18:50:26.293406,GOOGLE,460.6262653946859,133.40467567142184,887828
2024-08-24 18:50:26.293406,GOOGLE,167.79242904889088,334.72514318921736,392925
2023-12-08 18:50:26.293406,MICROSFT,409.48025646078406,151.34561699959997,269816
2024-06-04 18:50:26.293406,AMAZON,150.01639777813253,155.82262946798775,245757
2023-11-17 18:50:26.293406,AMAZON,267.66010693882345,445.9260776550366,264842
2023-05-10 18:50:26.293406,TESLA,226.3714456896427,407.05975556776366,596465
2024-07-28 18:50:26.293406,GOOGLE,364.7344956287009,314.6440723119582,863786
2024-05-10 18:50:26.293406,GOOGLE,284.97130530008326,473.71943653124384,339502
2023-07-03 18:50:26.293406,AAPLE,260.44201161018134,223.78664655361305,89754
2024-02-04 18:50:26.293406,AMAZON,178.2531931103649,304.5007762656739,514750
2023-07-29 18:50:26.293406,GOOGLE,300.53216969962637,423.20099633228085,24686
2022-11-22 18:50:26.293406,AAPLE,119.1493052471757,288.29023894913047,521133
2024-03-01 18:50:26.293406,AAPLE,78.14661854913236,472.1259839236601,74324
2023-12-21 18:50:26.293406,GOOGLE,141.28056314025616,389.0890296853303,421210
2023-09-30 18:50:26.293406,GOOGLE,188.29362471117037,450.6871838290089,823690
2022-11-03 18:50:26.293406,GOOGLE,359.75724992226475,233.08285651798025,617025
2022-10-29 18:50:26.293406,AMAZON,308.0543379770193,219.03505354828133,612184
2023-04-18 18:50:26.293406,AMAZON,440.7710063879788,429.79548899455784,709236
2024-08-17 18:50:26.293406,AMAZON,276.437640424543,50.40291756571669,207121
2024-01-24 18:50:26.293406,TESLA,128.02593034121773,437.33174989665963,799915
2023-02-05 18:50:26.293406,GOOGLE,385.51673094951667,245.82297154037923,598077
2023-02-11 18:50:26.293406,MICROSFT,473.7553223652228,234.68041089824473,365222
2024-09-14 18:50:26.293406,MICROSFT,321.9248594115613,236.9113582487736,376219
2024-06-13 18:50:26.293406,TESLA,230.31928959152387,268.7377045945724,614929
2024-04-15 18:50:26.293406,TESLA,239.06585929461025,374.2160287715725,57309
2023-06-06 18:50:26.293406,MICROSFT,336.0457125272425,163.18391731728246,826506
2023-05-30 18:50:26.293406,GOOGLE,224.30615115249296,75.09426665345055,880295
2024-03-12 18:50:26.293406,MICROSFT,368.51220098045985,81.02201726881887,346805
2023-01-18 18:50:26.293406,MICROSFT,345.70102870241857,304.42797677983697,440249
2023-11-17 18:50:26.293406,MICROSFT,436.0357903350761,262.83200165122946,812103
2023-04-03 18:50:26.293406,TESLA,160.2636746463603,490.452487861538,445001
2024-02-04 18:50:26.293406,MICROSFT,474.03031670215034,63.62293933044694,354994
2022-12-17 18:50:26.293406,AMAZON,498.289753702292,203.04091990012492,98510
2024-03-04 18:50:26.293406,AMAZON,471.9235103031374,414.3711532940804,812922
2023-09-12 18:50:26.293406,TESLA,244.53941377028636,424.0556474192708,904309
2023-05-20 18:50:26.293406,AAPLE,245.23455553446013,404.25544592637226,980446
2024-08-01 18:50:26.293406,GOOGLE,241.86267760229316,338.5293583474571,853461
2024-01-04 18:50:26.293406,AMAZON,384.6820478972825,188.25946986738498,280859
2024-08-12 18:50:26.293406,TESLA,157.71220335339314,419.5696928495297,759153
2024-02-26 18:50:26.293406,MICROSFT,237.82761203718985,309.5677047848543,815911
2022-12-16 18:50:26.293406,GOOGLE,228.37097493666673,175.22576984958096,727893
2024-02-24 18:50:26.293406,GOOGLE,307.2461879167537,321.2602662994626,729066
2023-07-18 18:50:26.293406,AAPLE,441.8444753225259,456.3034451893878,857707
2022-12-26 18:50:26.293406,MICROSFT,326.9695946801404,209.08873714671822,645929
2023-02-13 18:50:26.293406,TESLA,225.38100664515815,142.43136978557789,507427
2024-02-12 18:50:26.293406,AAPLE,142.74655997496404,464.842367507557,786212
2023-01-24 18:50:26.293406,GOOGLE,378.39355274605083,403.9654372217797,848835
2024-03-02 18:50:26.293406,TESLA,58.59142028105134,320.6838666779223,168489
2023-11-21 18:50:26.293406,MICROSFT,379.0344589342012,266.3079601870776,841358
2022-12-16 18:50:26.293406,GOOGLE,465.14407042179425,423.3022085860826,58226
2024-05-12 18:50:26.293406,GOOGLE,71.52240429920283,291.2244927511525,562099
2023-12-16 18:50:26.293406,GOOGLE,201.4924184812793,331.7666883670272,371437
2023-10-02 18:50:26.293406,AMAZON,198.89748509110208,321.40047395539193,548804
2023-10-16 18:50:26.293406,AMAZON,273.5578614994524,368.3688600518843,550286
2023-09-09 18:50:26.293406,TESLA,488.7929250460798,50.30221354933949,583701
2024-04-19 18:50:26.293406,AAPLE,189.45577547872003,103.04546020078837,946135
2024-08-21 18:50:26.293406,GOOGLE,169.892604680584,133.6445159971359,272298
2023-01-20 18:50:26.293406,GOOGLE,474.0871168163932,464.66815251507967,277541
2022-11-19 18:50:26.293406,MICROSFT,111.68613394869213,52.529310783873115,643144
2023-12-22 18:50:26.293406,AMAZON,456.9881298589834,270.43176123400985,750075
2024-09-04 18:50:26.293406,GOOGLE,75.31296597335886,99.28488269674637,917501
2024-08-08 18:50:26.293406,GOOGLE,249.23306120704265,209.27708760756045,996333
2022-10-10 18:50:26.293406,AMAZON,299.10961767706965,279.4413162625081,966408
2023-02-23 18:50:26.293406,MICROSFT,72.21486669852729,320.87724069048795,88372
2023-10-26 18:50:26.293406,AMAZON,386.10271598513464,171.6094508067293,362433
2022-11-06 18:50:26.293406,AAPLE,179.51041113258594,100.50769796133252,97569
2024-05-04 18:50:26.293406,GOOGLE,240.9178241364761,474.9797259884797,491823
2023-09-07 18:50:26.293406,MICROSFT,175.19631473998072,182.58968128382256,412916
2024-05-06 18:50:26.293406,GOOGLE,338.1783016479546,473.1924919940246,195901
2023-05-16 18:50:26.293406,GOOGLE,385.3506842860716,164.4743973130534,719390
2024-03-07 18:50:26.293406,GOOGLE,373.9778482038053,276.34935546343945,167739
2023-06-02 18:50:26.293406,AMAZON,422.8111104172955,371.6963017716076,181662
2024-05-06 18:50:26.293406,TESLA,168.25056238270992,152.4536743979757,137841
2023-12-24 18:50:26.293406,AAPLE,496.9175484919621,334.4409070793282,940877
2024-04-01 18:50:26.293406,MICROSFT,138.48990589724573,379.4558851709836,929194
2024-07-18 18:50:26.293406,AAPLE,483.0093852777783,54.74655452968739,33681
2023-03-07 18:50:26.293406,AMAZON,202.32809293998173,462.1707933685774,210508
2022-10-25 18:50:26.293406,GOOGLE,381.73111861328795,62.832050888996,881367
2023-01-23 18:50:26.293406,AMAZON,113.45130163149405,375.90073235021015,784757
2023-04-08 18:50:26.293406,AAPLE,471.15831972153353,130.9951538967615,64950
2023-08-02 18:50:26.293406,AMAZON,408.719220861888,172.5976536217466,358419
2022-12-28 18:50:26.293406,TESLA,288.4258403589165,253.01850698476935,64313
2024-03-12 18:50:26.293406,AMAZON,93.51163359751038,191.95718067626302,288746
2024-06-24 18:50:26.293406,AMAZON,116.6280154759533,182.90704122126044,464990
2022-12-18 18:50:26.293406,TESLA,69.80517252667474,432.4827943642115,614610
2023-04-07 18:50:26.293406,AMAZON,184.11448535813005,382.0259967807928,214728
2023-08-08 18:50:26.293406,AMAZON,135.38148490643775,245.24563542479464,599381
2024-05-10 18:50:26.293406,MICROSFT,210.16288136043633,495.5628397796545,567083
2024-01-29 18:50:26.293406,MICROSFT,221.50974176387726,384.1742955311364,618891
2024-08-28 18:50:26.293406,MICROSFT,114.878324956977,472.8863144579549,536985
2023-10-06 18:50:26.293406,AAPLE,481.4851149087929,430.47032579254665,572136
2024-09-29 18:50:26.293406,AAPLE,213.69487558884774,85.90570863138544,246600
2024-09-14 18:50:26.293406,GOOGLE,342.37668463380425,166.5754049290244,386615
2022-10-29 18:50:26.293406,AAPLE,93.85434420881572,241.96820961839353,909104
2024-07-22 18:50:26.293406,AMAZON,370.5574210645949,175.3752289180821,122230
2023-11-07 18:50:26.293406,GOOGLE,275.27138547743937,225.1505281748536,356587
2022-10-21 18:50:26.293406,AMAZON,450.5511132085136,198.97053242567063,20321
2024-03-30 18:50:26.293406,GOOGLE,293.7436370793282,70.6601197413422,759861
2024-03-26 18:50:26.293406,MICROSFT,284.7165585282875,280.2312107605952,842871
2023-09-14 18:50:26.293406,MICROSFT,320.11583760516965,465.8038088296221,52559
2022-12-20 18:50:26.293406,TESLA,258.7828243259192,370.0889183428038,995974
2024-02-27 18:50:26.293406,GOOGLE,83.65432061597542,463.312236949881,987884
2023-01-30 18:50:26.293406,GOOGLE,310.9588066951525,142.08132094212203,309714
2023-08-02 18:50:26.293406,GOOGLE,77.77903599937706,373.4309273972574,790003
2024-06-18 18:50:26.293406,GOOGLE,203.59179796683486,259.27650543971026,274307
2023-06-05 18:50:26.293406,GOOGLE,59.15520791093579,374.69306507340286,121068
2023-02-21 18:50:26.293406,AMAZON,101.04372730273805,117.79330856074529,382403
2023-06-06 18:50:26.293406,AAPLE,213.9010688573288,203.23053835864886,628179
2023-09-22 18:50:26.293406,AMAZON,127.61787494679666,76.31297487776803,709566
2022-11-05 18:50:26.293406,TESLA,261.3668131457213,160.07339129953542,752487
2024-09-21 18:50:26.293406,MICROSFT,254.40711251650325,196.7364117118776,453121
2024-02-18 18:50:26.293406,AMAZON,249.87765614166898,384.15287446150006,732047
2023-04-20 18:50:26.293406,MICROSFT,117.27076661268569,147.35295790501598,125120
2024-06-02 18:50:26.293406,AAPLE,355.230941909062,118.92252392975482,692958
2023-01-14 18:50:26.293406,GOOGLE,78.01208790535011,411.93720031423175,950396
2023-09-01 18:50:26.293406,AMAZON,60.98110218103423,60.239891519989214,643890
2023-08-29 18:50:26.293406,AAPLE,278.50952744833614,96.83877349828592,983750
2023-05-04 18:50:26.293406,GOOGLE,385.344354352461,156.64819335094865,923905
2023-10-23 18:50:26.293406,AMAZON,424.0702296835973,327.1735612464603,730928
2022-10-09 18:50:26.293406,GOOGLE,322.5396844731125,70.88547537608798,668932
2023-07-29 18:50:26.293406,TESLA,435.44626006936954,463.5638582762903,473482
2024-07-30 18:50:26.293406,TESLA,364.27930452255055,488.943452579537,61719
2023-06-09 18:50:26.293406,AAPLE,338.40182621268895,406.80690333891044,179120
2024-07-26 18:50:26.293406,AAPLE,145.60396882446082,407.02817775805,759045
2024-08-01 18:50:26.293406,MICROSFT,361.6618999951929,174.6957663718727,593406
2023-10-04 18:50:26.293406,TESLA,227.49155105874513,417.253592865468,440005
2023-03-20 18:50:26.293406,AAPLE,418.18158312096716,54.29134528442229,663128
2023-05-20 18:50:26.293406,TESLA,258.9121103815953,191.40138505611523,128019
2023-04-26 18:50:26.293406,AAPLE,425.1821478917426,327.73119812573975,186334
2023-02-24 18:50:26.293406,TESLA,294.375635322304,399.611057905964,68961
2023-06-20 18:50:26.293406,GOOGLE,265.6146119098861,460.5787108820918,32583
2024-09-09 18:50:26.293406,TESLA,266.71382427213405,414.79605182071384,33376
2023-12-29 18:50:26.293406,GOOGLE,377.0686932844347,246.9851217220553,793655
2023-09-09 18:50:26.293406,AAPLE,156.0215742050708,189.16513311247263,659785
2024-09-20 18:50:26.293406,GOOGLE,191.69457470749302,237.56420908729507,932714
2022-10-09 18:50:26.293406,TESLA,411.63297284328917,174.47481663586535,696502
2024-02-05 18:50:26.293406,TESLA,445.1131660779547,263.0604728682963,631302
2022-10-11 18:50:26.293406,AAPLE,315.858547409777,274.7633508832076,209384
2023-01-05 18:50:26.293406,MICROSFT,142.67594421829168,328.7159437615306,254372
2023-06-11 18:50:26.293406,TESLA,143.8168808497933,160.65643051137914,845559
2023-03-10 18:50:26.293406,AAPLE,441.2357150764643,409.4250242967239,675331
2023-10-31 18:50:26.293406,AMAZON,176.926164156673,271.31434895305665,779158
2023-01-19 18:50:26.293406,AAPLE,69.16306828578197,82.77535741651552,268262
2023-06-27 18:50:26.293406,AMAZON,110.26659624178153,148.7536927030621,153441
2023-09-30 18:50:26.293406,AMAZON,480.82526730553286,142.33606468667242,442952
2023-12-10 18:50:26.293406,AMAZON,79.37418420505784,62.702337213145285,827371
2023-09-15 18:50:26.293406,AMAZON,122.15344693532862,149.5248365076667,565301
2023-06-16 18:50:26.293406,AMAZON,184.35679715082404,285.49756876740423,906969
2022-12-14 18:50:26.293406,AMAZON,283.9967498562047,130.2902146433099,308741
2024-02-16 18:50:26.293406,GOOGLE,219.82214556379648,150.9764400692825,699881
2023-05-09 18:50:26.293406,TESLA,270.8062157362529,93.4417428479671,148327
2024-05-29 18:50:26.293406,AAPLE,274.4827770258704,200.79769562756465,866868
2023-12-24 18:50:26.293406,TESLA,418.02773485180757,270.47218955482026,270214
2023-03-18 18:50:26.293406,GOOGLE,384.8154761254541,101.17446669781411,847354
2023-01-22 18:50:26.293406,AAPLE,468.26443764986755,175.76777219144248,922496
2022-10-09 18:50:26.293406,AMAZON,91.72811154562952,138.85484358317115,943459
2023-09-26 18:50:26.293406,GOOGLE,98.72122094281997,365.726444102657,586347
2023-04-29 18:50:26.293406,AMAZON,113.52509234400964,270.55837479293257,930177
2024-09-28 18:50:26.293406,TESLA,354.7589772561395,450.56336149788757,892831
2023-05-01 18:50:26.293406,GOOGLE,465.72880569839805,60.04958784453693,374435
2024-06-06 18:50:26.293406,AMAZON,88.6020981958477,274.4259102397016,421207
2024-02-06 18:50:26.293406,GOOGLE,172.20116656292242,424.2489119702232,954475
2024-07-11 18:50:26.293406,GOOGLE,350.99167690397786,392.15046124895116,722413
2023-01-30 18:50:26.293406,AAPLE,253.15439162556265,454.74717199621557,159868
2022-10-22 18:50:26.293406,AMAZON,356.42408781760105,280.55940902353905,639837
2023-10-11 18:50:26.293406,TESLA,104.90226836609146,143.96959162077303,616473
2024-07-05 18:50:26.293406,AMAZON,463.20962171477237,466.83778145625206,408019
2024-07-21 18:50:26.293406,TESLA,192.65576983524872,269.28839014268976,139176
2023-03-17 18:50:26.293406,AMAZON,236.7370409525125,436.94308160463993,950921
2023-08-21 18:50:26.293406,TESLA,283.0294317494835,142.60606673260202,203519
2024-05-26 18:50:26.293406,AAPLE,138.43041600222955,86.55453198089815,512027
2023-06-28 18:50:26.293406,AAPLE,208.78263915266464,304.81999010326757,240227
2024-09-07 18:50:26.293406,GOOGLE,388.9926347666504,290.56071901821383,207474
2022-10-22 18:50:26.293406,AAPLE,182.58161986630193,125.71466489125552,813202
2023-11-22 18:50:26.293406,AMAZON,67.12467933876981,294.5499065856567,205951
2024-08-26 18:50:26.293406,GOOGLE,209.66930955745403,252.4739107843313,17083
2024-09-20 18:50:26.293406,GOOGLE,364.94749652381785,222.79224878872552,131075
2023-05-29 18:50:26.293406,GOOGLE,56.983367553317514,112.2290675466205,293981
2023-02-15 18:50:26.293406,AMAZON,454.8844739531147,335.4113867972924,562395
2024-10-02 18:50:26.293406,AMAZON,468.2382597320547,499.97454482616774,325154
2023-07-16 18:50:26.293406,MICROSFT,361.0647494334543,79.2667411671793,141581
2022-11-27 18:50:26.293406,AAPLE,267.32680897693854,88.33854837225627,437933
2023-07-26 18:50:26.293406,AMAZON,144.9353691047491,381.79083558380574,197010
2024-02-03 18:50:26.293406,MICROSFT,351.0284392769683,246.14740733532915,443824
2024-05-06 18:50:26.293406,GOOGLE,129.06933607270372,316.4855475901685,426144
2023-05-03 18:50:26.293406,MICROSFT,170.63886440365008,111.14599744385706,12665
2024-09-16 18:50:26.293406,TESLA,181.68238184199095,477.40389679312256,973922
2024-03-08 18:50:26.293406,AAPLE,167.1268606422306,394.7832237764748,384653
2024-04-08 18:50:26.293406,AMAZON,485.7830405189142,390.8719797277424,690754
2023-04-28 18:50:26.293406,AMAZON,67.83875442738417,135.67109188597837,454718
2024-07-02 18:50:26.293406,TESLA,382.9267808237802,119.34822563370804,897939
2024-08-02 18:50:26.293406,AMAZON,208.29408894240075,323.23694234150315,969227
2022-12-24 18:50:26.293406,AAPLE,477.69474681524025,319.94692667039357,494702
2023-11-18 18:50:26.293406,AAPLE,92.77597796237794,416.33131529988464,408574
2024-05-03 18:50:26.293406,GOOGLE,180.60421250814173,191.1593387006614,383451
2024-09-12 18:50:26.293406,AMAZON,239.40508828924678,426.0892157063141,978591
2022-10-22 18:50:26.293406,GOOGLE,244.35135898062637,172.2935570403642,312647
2023-04-14 18:50:26.293406,AMAZON,435.44823431495513,238.0492158401263,654940
2022-11-19 18:50:26.293406,GOOGLE,102.69700633487622,263.421253658198,968028
2023-06-26 18:50:26.293406,TESLA,163.1863473482979,141.47241072085316,640813
2023-03-01 18:50:26.293406,AAPLE,136.50158814648347,411.0217166572638,630347
2023-03-27 18:50:26.293406,GOOGLE,78.77699826220092,302.85882448991043,250465
2024-08-21 18:50:26.293406,AAPLE,253.61548359519577,131.05134504944698,500979
2023-02-22 18:50:26.293406,TESLA,357.39100601915334,366.0208204619082,84243
2023-04-07 18:50:26.293406,MICROSFT,217.36509817995164,358.8769485079175,686236
2024-03-07 18:50:26.293406,TESLA,240.20370451393634,238.85459748202902,274245
2023-02-07 18:50:26.293406,AMAZON,59.03088655650881,322.32885926706575,470697
2024-06-22 18:50:26.293406,TESLA,452.6846535080952,329.40089934311027,590637
2024-05-21 18:50:26.293406,AAPLE,84.33276849740636,274.0983385909949,224523
2024-07-26 18:50:26.293406,AAPLE,278.3086447064546,233.63537902538317,347046
2023-07-06 18:50:26.293406,TESLA,475.6673112779036,432.2550412898541,685233
2023-02-09 18:50:26.293406,AAPLE,93.07455525920902,88.70080994616413,206395
2023-08-22 18:50:26.293406,AAPLE,370.47932840415575,408.73493005984733,16779
2024-07-22 18:50:26.293406,AMAZON,490.2568704720537,404.67756847381213,612530
2024-01-02 18:50:26.293406,MICROSFT,63.70682289022612,430.2552935184792,413101
2024-02-29 18:50:26.293406,AAPLE,128.4593669974717,129.79128732030648,625858
2023-09-30 18:50:26.293406,AAPLE,292.2503420065009,346.42577349444184,327658
2024-06-16 18:50:26.293406,AAPLE,60.91921744363029,145.60983397331762,101255
2024-02-25 18:50:26.293406,TESLA,413.8283357053572,304.00163799955146,131522
2024-08-03 18:50:26.293406,MICROSFT,122.82755395888425,361.08499249742704,654045
2023-11-20 18:50:26.293406,AAPLE,92.07779618680655,457.59159507868645,901351
2024-02-20 18:50:26.293406,GOOGLE,348.87078407098875,255.3297075640183,307711
2023-12-06 18:50:26.293406,AMAZON,117.60828078516964,400.07174095939865,719669
2023-12-25 18:50:26.293406,TESLA,424.083810433921,403.7362581652413,943174
2024-06-11 18:50:26.293406,AMAZON,335.44182520229555,350.9180867206354,790920
2023-01-04 18:50:26.293406,AAPLE,56.07824992285301,446.8027166840463,611436
2024-04-04 18:50:26.293406,TESLA,315.1622387594055,399.74129167493567,412817
2023-12-02 18:50:26.293406,AMAZON,305.5794406980999,141.98352328057436,788493
2023-04-29 18:50:26.293406,AMAZON,461.8801578611407,114.04475908092053,964173
2023-09-06 18:50:26.293406,AMAZON,308.6610757093144,419.92337035941756,702669
2023-08-19 18:50:26.293406,AAPLE,443.7456936994118,239.97588308860145,726953
2023-08-31 18:50:26.293406,TESLA,417.81624212280343,439.57970452575233,645321
2023-06-07 18:50:26.293406,AAPLE,432.7944697804892,434.7027331189865,913022
2022-12-26 18:50:26.293406,AAPLE,173.60386832850605,227.9583670987872,184719
2022-10-13 18:50:26.293406,GOOGLE,444.22056488262507,303.5097444791169,298116
2023-02-27 18:50:26.293406,TESLA,477.14728850800935,78.62859886572026,462908
2023-10-12 18:50:26.293406,GOOGLE,194.55313960162692,222.61007752349084,834114
2022-12-11 18:50:26.293406,MICROSFT,222.35300483583956,122.72809781924374,220681
2023-07-06 18:50:26.293406,AMAZON,461.6901655916989,139.94401136784865,756852
2023-07-18 18:50:26.293406,TESLA,447.5832354596208,282.6668382170428,150580
2024-05-21 18:50:26.293406,MICROSFT,158.64214454329044,124.20827243492457,271573
2022-12-13 18:50:26.293406,GOOGLE,473.0816178024043,370.54343888319835,963147
2024-03-01 18:50:26.293406,GOOGLE,484.22953476948544,152.36565011271352,666238
2022-10-30 18:50:26.293406,MICROSFT,465.9453352771178,188.3973869766744,248931
2023-12-25 18:50:26.293406,TESLA,246.8442603325097,372.86584297888515,463770
2022-11-03 18:50:26.293406,AAPLE,462.0216873473535,301.9910984785856,318346
2023-08-17 18:50:26.293406,MICROSFT,193.2700487977985,437.0456148124188,627911
2023-05-23 18:50:26.293406,AAPLE,186.74604716482042,408.58166816968424,130120
2023-09-18 18:50:26.293406,AMAZON,150.81125961478307,180.63893939677757,860774
2023-07-27 18:50:26.293406,AMAZON,433.5818256669438,473.9479557886525,421170
2022-11-23 18:50:26.293406,AMAZON,262.8605138485774,71.60961682253267,468630
2024-09-19 18:50:26.293406,AMAZON,424.66850357003784,223.31105643167848,991621
2024-07-29 18:50:26.293406,GOOGLE,338.4080719185367,358.16319502569945,195441
2023-05-31 18:50:26.293406,AMAZON,344.18501861104704,205.37078525383797,205491
2024-02-04 18:50:26.293406,GOOGLE,244.02799613851082,73.0153271796187,17690
2024-07-09 18:50:26.293406,TESLA,275.4877407889667,327.31245895589797,322568
2022-12-29 18:50:26.293406,MICROSFT,371.752519690008,370.7367743281215,467256
2023-01-28 18:50:26.293406,AAPLE,495.25339424810807,212.6147978366229,454962
2023-09-13 18:50:26.293406,MICROSFT,372.6753877636331,458.6053864620443,444495
2024-03-06 18:50:26.293406,TESLA,55.6723297675515,117.50801777175228,592698
2024-07-31 18:50:26.293406,MICROSFT,487.4764579198329,188.57912060641985,955521
2023-04-30 18:50:26.293406,AMAZON,75.22216325409602,262.1757649301735,484195
2023-02-14 18:50:26.293406,AMAZON,152.76664298735784,194.67958489590663,563174
2023-10-10 18:50:26.293406,MICROSFT,479.2103370742427,146.76815643762336,880895
2024-05-04 18:50:26.293406,AMAZON,251.5951142773794,404.426156897734,724210
2024-06-25 18:50:26.293406,GOOGLE,214.13480640556915,227.49704675948334,179769
2023-05-26 18:50:26.293406,AAPLE,381.9624977818142,266.90290447822645,52705
2023-02-23 18:50:26.293406,GOOGLE,477.0771788704091,407.83720676981443,360040
2024-07-24 18:50:26.293406,AMAZON,203.37300110599523,109.0269718028591,670353
2023-11-21 18:50:26.293406,AMAZON,359.5040617465162,363.33826890489365,65652
2023-05-08 18:50:26.293406,TESLA,356.5996069377915,91.82489419762791,708466
2023-03-04 18:50:26.293406,GOOGLE,286.7780404993398,175.10550339312914,511375
2024-02-15 18:50:26.293406,GOOGLE,187.75722436954743,224.71405329493638,450826
2023-09-24 18:50:26.293406,MICROSFT,448.6495302902635,169.50245249489402,73881
2024-06-28 18:50:26.293406,TESLA,417.83675975774645,239.86352958323974,569908
2023-07-31 18:50:26.293406,TESLA,478.72614128804383,83.47670984477195,73683
2024-03-23 18:50:26.293406,GOOGLE,148.9999086250525,102.07580580148218,851850
2024-05-17 18:50:26.293406,AAPLE,437.640401590873,219.51930320235047,847729
2024-03-01 18:50:26.293406,AMAZON,208.93579053455215,118.720300619998,633018
2024-01-09 18:50:26.293406,AAPLE,153.4577717553684,228.2817884254987,57632
2022-10-28 18:50:26.293406,AAPLE,283.6011756989035,345.2253346641134,868565
2024-05-26 18:50:26.293406,AMAZON,141.76303596605646,318.07937048183356,213517
2023-02-15 18:50:26.293406,TESLA,419.8899875517367,405.35296128224866,417281
2024-07-02 18:50:26.293406,TESLA,107.33688097843029,246.64512468381952,262922
2023-02-20 18:50:26.293406,MICROSFT,345.0706519428835,320.11414203112986,803461
2024-08-03 18:50:26.293406,AMAZON,142.38517697351176,240.57846446386515,121962
2024-09-08 18:50:26.293406,MICROSFT,179.53779911851225,146.83846801116255,91337
2023-12-03 18:50:26.293406,MICROSFT,160.04861368107498,64.55593275294436,696146
2023-01-17 18:50:26.293406,AMAZON,460.25626155823744,164.58693218422604,773779
2024-07-20 18:50:26.293406,MICROSFT,305.83823758973267,431.87722913016825,230581
2023-01-17 18:50:26.293406,AMAZON,447.84055775266023,495.8750934546122,237776
2023-06-01 18:50:26.293406,AMAZON,235.37362875018727,202.98826643126844,392562
2022-10-27 18:50:26.293406,TESLA,424.7625026132239,171.61339673085521,377337
2023-06-06 18:50:26.293406,MICROSFT,453.9098187919487,413.35331263280875,353642
2022-11-15 18:50:26.293406,AAPLE,138.06352693918961,379.8233667890898,349097
2024-06-07 18:50:26.293406,GOOGLE,204.84863056017244,63.50890385270435,812056
2023-09-13 18:50:26.293406,GOOGLE,177.4418439701785,414.69101370165663,704692
2024-04-19 18:50:26.293406,TESLA,418.06238455829066,107.93079271755302,280692
2023-03-22 18:50:26.293406,TESLA,361.11805237748814,257.19366979286906,647011
2022-10-10 18:50:26.293406,GOOGLE,377.99639275728396,185.7144721433148,289994
2023-02-15 18:50:26.293406,TESLA,231.26690786297266,291.2250941150465,263201
2022-11-28 18:50:26.293406,MICROSFT,71.15666117979123,250.1145696371409,322599
2023-01-20 18:50:26.293406,TESLA,425.2671148561985,349.77816443442435,454019
2024-05-02 18:50:26.293406,AMAZON,261.00713643455555,360.0372788987777,834571
2022-11-24 18:50:26.293406,TESLA,236.85378043061144,251.1317969545743,153191
2023-07-01 18:50:26.293406,GOOGLE,197.92651869119007,459.8660620251729,548941
2023-10-22 18:50:26.293406,MICROSFT,178.34165892692988,293.49585789147403,442049
2023-10-31 18:50:26.293406,AMAZON,469.82309418953474,368.01516701783174,698990
2022-10-11 18:50:26.293406,MICROSFT,426.5175523443946,446.45636903807167,267152
2024-01-06 18:50:26.293406,AMAZON,246.82353885288748,364.42977241685344,809393
2023-05-03 18:50:26.293406,AAPLE,267.91468675077834,85.46528239418612,823372
2024-03-17 18:50:26.293406,AMAZON,290.765214949511,74.11563477686587,576394
2024-09-08 18:50:26.293406,AMAZON,334.92801336579475,408.2864879212655,280101
2023-07-09 18:50:26.293406,TESLA,266.1591200586766,107.5710849121711,364969
2023-03-14 18:50:26.293406,TESLA,431.46689100207686,143.02275651185136,394595
2024-01-26 18:50:26.293406,GOOGLE,134.28536166059308,362.75450962973866,443978
2024-04-14 18:50:26.293406,GOOGLE,238.7958450127428,115.83313383171713,399076
2022-11-05 18:50:26.293406,MICROSFT,232.72850126047297,62.02942324259184,201152
2024-03-24 18:50:26.293406,MICROSFT,290.8801604167981,104.98057557591505,159056
2024-06-28 18:50:26.293406,AMAZON,245.06232831782444,60.269712606813684,723582
2023-03-08 18:50:26.293406,MICROSFT,281.4836493680234,128.4265266985509,611104
2022-11-08 18:50:26.293406,AMAZON,438.2880116661872,216.4565288696368,439986
2024-01-25 18:50:26.293406,AMAZON,253.61975404998833,383.6883054685426,669417
2024-09-10 18:50:26.293406,GOOGLE,330.67762874563726,234.40607638182206,444115
2023-10-27 18:50:26.293406,AAPLE,458.9202818709451,251.43373038420899,846722
2024-03-15 18:50:26.293406,TESLA,58.96457578711041,69.91402995827268,586575
2024-09-06 18:50:26.293406,AAPLE,101.22120361510821,390.6375900995986,551268
2022-12-13 18:50:26.293406,TESLA,67.39203901646005,479.3457637026342,275572
2023-01-08 18:50:26.293406,MICROSFT,387.5782590950854,134.40730835473755,730173
2023-03-30 18:50:26.293406,AMAZON,178.00056104687883,394.4888907722137,693538
2024-02-10 18:50:26.293406,MICROSFT,353.48521194607497,438.5930145983676,164977
2024-03-03 18:50:26.293406,AMAZON,134.8751991419968,347.97145222730705,786623
2023-12-14 18:50:26.293406,AAPLE,490.5451402323833,210.3593114423064,799661
2024-05-12 18:50:26.293406,AAPLE,276.1052265782243,240.8806909442006,644348
2024-04-17 18:50:26.293406,TESLA,239.94283119095337,235.58588522225878,672303
2022-12-15 18:50:26.293406,AAPLE,296.7725754666767,452.3690295876501,553185
2024-03-04 18:50:26.293406,GOOGLE,109.67015913007484,468.91860988470324,707263
2023-11-02 18:50:26.293406,GOOGLE,215.39080868961818,297.2709615039623,184354
2024-08-29 18:50:26.293406,AAPLE,85.61348494095209,198.543255765196,93312
2023-01-01 18:50:26.293406,MICROSFT,53.990394007713014,178.74482843969935,929501
2023-10-21 18:50:26.293406,AAPLE,467.48204146312645,374.07237725921476,54005
2023-12-03 18:50:26.293406,MICROSFT,337.93168565005305,392.7831207508874,726439
2024-05-28 18:50:26.293406,TESLA,158.27469273552106,271.3424404530952,512270
2024-05-25 18:50:26.293406,TESLA,173.86169535268562,156.67085727243557,461614
2024-01-19 18:50:26.293406,AMAZON,376.81153596767734,285.9687511909889,324133
2024-03-04 18:50:26.293406,TESLA,382.0116285273614,321.59890392523306,41434
2024-08-07 18:50:26.293406,AMAZON,302.5749483273721,361.55418750218945,812277
2024-06-01 18:50:26.293406,AAPLE,410.3300061063789,137.7842461078643,134451
2024-02-16 18:50:26.293406,AMAZON,258.3076248329953,224.38885895984686,929424
2024-03-14 18:50:26.293406,GOOGLE,302.62687943819503,361.5400415832281,146881
2023-08-04 18:50:26.293406,TESLA,174.7524553243701,193.01073509669231,873639
2024-09-15 18:50:26.293406,TESLA,189.05272827688884,268.8897908039398,221087
2024-06-29 18:50:26.293406,GOOGLE,347.6764214301722,289.0302885579509,194314
2023-09-05 18:50:26.293406,GOOGLE,468.4842484633834,393.0579956957916,509953
2023-06-04 18:50:26.293406,AMAZON,243.62885168939792,368.1183936250317,845782
2023-10-16 18:50:26.293406,AMAZON,293.2434028962989,253.2250447685118,145946
2022-12-31 18:50:26.293406,MICROSFT,138.27732596435123,275.2802805442605,679845
2023-07-01 18:50:26.293406,AMAZON,309.72662301054856,67.21806186094196,228868
2024-06-14 18:50:26.293406,TESLA,292.51101896204034,329.87447013795077,930044
2024-08-03 18:50:26.293406,TESLA,308.7645935132494,271.4815230287451,782681
2023-03-13 18:50:26.293406,GOOGLE,474.8262954180602,134.679518852731,364615
2023-06-30 18:50:26.293406,MICROSFT,439.06377760763786,129.3339226143589,143917
2023-09-24 18:50:26.293406,GOOGLE,66.3490275835357,187.87773574452788,949748
2024-04-13 18:50:26.293406,AAPLE,437.7579448838462,279.2944728440877,839356
2023-11-10 18:50:26.293406,MICROSFT,414.23891704743477,148.7890284851458,368542
2022-10-06 18:50:26.293406,AAPLE,423.457592686053,123.82910611676084,902585
2024-06-02 18:50:26.293406,GOOGLE,412.7935624591317,499.69662730845437,234997
2024-03-23 18:50:26.293406,AMAZON,55.06144748844009,77.08425048225567,700676
2024-07-27 18:50:26.293406,TESLA,178.21056674981307,424.7749417295121,365407
2023-10-11 18:50:26.293406,GOOGLE,94.71951334217187,336.81416472022136,979819
2022-11-28 18:50:26.293406,MICROSFT,419.82529481244075,216.14039594922295,812482
2023-05-19 18:50:26.293406,GOOGLE,493.52919463531015,108.66783735705809,282271
2024-01-27 18:50:26.293406,GOOGLE,453.61133885924835,268.0998036714742,14483
2024-08-13 18:50:26.293406,AAPLE,336.7881396081406,192.98028130613966,280520
2023-11-01 18:50:26.293406,MICROSFT,336.5855494523454,57.81261414268008,373552
2023-04-17 18:50:26.293406,TESLA,335.7119930907019,187.51591378791395,138800
2024-05-29 18:50:26.293406,GOOGLE,261.6404005965791,297.4921422280546,451085
2024-03-30 18:50:26.293406,TESLA,190.82781529534637,427.5415278592751,613572
2023-04-10 18:50:26.293406,AAPLE,237.79783031053395,63.59140893989711,387790
2024-08-22 18:50:26.293406,TESLA,265.70191458270745,158.71383422748266,851617
2023-10-24 18:50:26.293406,GOOGLE,406.942837780768,76.60720726600695,620189
2023-08-23 18:50:26.293406,MICROSFT,496.79985092717726,69.53282088191105,466599
2023-05-03 18:50:26.293406,TESLA,286.8665945332174,77.44293734622556,243161
2024-07-26 18:50:26.293406,GOOGLE,50.24550448725313,463.8614626605669,245137
2024-07-11 18:50:26.293406,AMAZON,119.13668475020063,247.6380774471399,34272
2023-12-29 18:50:26.293406,AMAZON,315.94057569771445,421.49259008864084,879473
2023-12-08 18:50:26.293406,AMAZON,387.6697828938011,319.16644937168496,309059
2024-04-14 18:50:26.293406,GOOGLE,177.65248296730527,126.3136394330413,121741
2024-07-10 18:50:26.293406,GOOGLE,135.37399256745994,459.6306357220263,569840
2022-12-08 18:50:26.293406,AMAZON,403.1234899975971,388.1033613803083,246262
2024-08-17 18:50:26.293406,TESLA,223.32799654772174,495.8165931225564,391223
2023-11-14 18:50:26.293406,TESLA,358.9121825281558,368.23007185729693,605193
2023-12-21 18:50:26.293406,MICROSFT,204.46513235709867,467.489455549775,227752
2024-05-24 18:50:26.293406,AMAZON,410.46176338284874,242.60392629439033,304142
2023-10-05 18:50:26.293406,TESLA,401.134133173308,92.51517585560143,536729
2023-06-08 18:50:26.293406,AMAZON,193.27837127203057,78.74253748079032,632166
2023-06-18 18:50:26.293406,MICROSFT,427.61742203760554,199.29062098089236,628510
2023-02-28 18:50:26.293406,AAPLE,380.9523889698628,106.5889404858192,850735
2023-03-03 18:50:26.293406,AMAZON,239.97914790468877,163.4229229040203,93164
2024-06-24 18:50:26.293406,AAPLE,394.2879518677281,492.7015592216816,432146
2023-06-05 18:50:26.293406,AAPLE,378.4220593347751,212.46946175698022,130241
2023-12-01 18:50:26.293406,GOOGLE,227.3658337399127,86.14006401961745,607020
2023-03-29 18:50:26.293406,GOOGLE,161.21029942771878,487.8712211500454,959722
2023-09-12 18:50:26.293406,AMAZON,412.85892091342816,254.19880039172656,148163
2024-05-01 18:50:26.293406,AAPLE,320.2350154331451,482.44193134622486,214538
2024-07-16 18:50:26.293406,TESLA,398.4285241459082,75.96591871364424,66222
2024-06-24 18:50:26.293406,MICROSFT,444.1987778024377,371.9358054325537,652036
2024-06-02 18:50:26.293406,AMAZON,215.22364363528806,258.5980055990526,704322
2024-01-05 18:50:26.293406,MICROSFT,224.66291996926333,439.59572360202156,47453
2024-06-30 18:50:26.293406,TESLA,473.5222151537884,487.4965879285699,666206
2023-08-30 18:50:26.293406,MICROSFT,149.07172381888233,58.40055501383357,115991
2023-11-07 18:50:26.293406,AMAZON,258.468397914546,90.98431206538899,611320
2024-07-16 18:50:26.293406,TESLA,476.15518704496594,389.0658295844946,558926
2023-11-21 18:50:26.293406,TESLA,393.1272307931793,309.5727258857363,368179
2023-09-25 18:50:26.293406,AAPLE,249.7469193986248,273.2897965326665,57913
2023-07-04 18:50:26.293406,GOOGLE,179.5128045258238,275.4399668451691,831491
2023-12-24 18:50:26.293406,AMAZON,469.98079955015345,298.90817990314804,100978
2023-04-27 18:50:26.293406,MICROSFT,298.29025614070844,268.58358824416234,18971
2023-05-03 18:50:26.293406,AAPLE,220.03557305637094,437.4425092214045,259940
2024-01-03 18:50:26.293406,GOOGLE,104.7704985272971,207.26389042842288,928427
2022-11-16 18:50:26.293406,AMAZON,397.86910821691765,214.4757140090496,789007
2024-03-28 18:50:26.293406,AAPLE,462.64460691553245,468.02974361245003,109114
2023-10-11 18:50:26.293406,GOOGLE,228.99849506044143,255.43923246215473,589211
2022-12-24 18:50:26.293406,GOOGLE,109.7958302905049,127.86747843433623,247953
2023-03-07 18:50:26.293406,MICROSFT,210.99200867867165,136.90706269811182,275220
2022-11-17 18:50:26.293406,AAPLE,106.40105914378836,418.735156187948,435825
2023-09-22 18:50:26.293406,AMAZON,166.27366975757533,350.9747234573662,924888
2024-01-04 18:50:26.293406,AAPLE,119.95886498326763,347.8123186736887,249286
2022-10-27 18:50:26.293406,MICROSFT,453.44847287674946,311.9743227290208,756306
2023-01-10 18:50:26.293406,TESLA,158.03455706008143,334.8753501248337,496003
2023-11-30 18:50:26.293406,MICROSFT,69.23689136388828,388.6075441530451,661346
2024-06-26 18:50:26.293406,TESLA,103.5583333840124,292.1770229524208,1728
2023-08-11 18:50:26.293406,TESLA,366.153640543142,397.5947745598607,670037
2022-11-18 18:50:26.293406,MICROSFT,69.60059019772375,262.62016732745656,530802
2024-01-13 18:50:26.293406,GOOGLE,240.3154904251895,196.8419997440514,716124
2023-08-21 18:50:26.293406,AMAZON,98.11760067447389,224.69102066193832,147052
2024-08-05 18:50:26.293406,AMAZON,260.1112087436944,438.02857103372094,448522
2023-05-07 18:50:26.293406,AAPLE,131.89330652586602,88.87839295569353,336242
2023-12-21 18:50:26.293406,TESLA,440.7424181354673,285.3807547389483,221844
2024-06-01 18:50:26.293406,AAPLE,66.54284171892581,62.521311671543565,225460
2024-04-20 18:50:26.293406,AMAZON,117.12465357770016,384.9924867807547,227530
2024-09-06 18:50:26.293406,TESLA,163.50691394627057,149.3317017812438,869953
2023-08-31 18:50:26.293406,MICROSFT,54.97936892318685,221.41731631863243,711186
2023-11-17 18:50:26.293406,TESLA,349.04662385373297,143.92041425703485,48632
2022-10-17 18:50:26.293406,TESLA,364.33445992091447,396.92332253926776,322437
2024-05-27 18:50:26.293406,TESLA,366.0126533108902,477.1352860972592,746295
2023-11-25 18:50:26.293406,GOOGLE,287.2779883993834,459.0467008779401,95049
2023-09-08 18:50:26.293406,AAPLE,355.98769676733076,462.7092472873663,924497
2022-12-10 18:50:26.293406,MICROSFT,167.88370688800867,204.9363174250909,69037
2023-05-28 18:50:26.293406,MICROSFT,225.32795501216486,220.68880917959578,755243
2024-07-28 18:50:26.293406,AMAZON,379.3251365596451,163.4240583044654,251520
2024-07-31 18:50:26.293406,MICROSFT,461.1851337047374,337.5393243084998,616547
2022-12-25 18:50:26.293406,MICROSFT,489.87496500594904,220.87798598290212,910392
2023-04-08 18:50:26.293406,TESLA,427.2965572733469,412.0175831927291,662087
2024-09-09 18:50:26.293406,AMAZON,126.63589642775374,103.00129277465412,359270
2024-06-13 18:50:26.293406,TESLA,378.8690847099081,155.607297193502,958285
2023-05-13 18:50:26.293406,MICROSFT,252.08050306131372,487.5563823544519,86238
2023-09-12 18:50:26.293406,GOOGLE,206.80087273455848,77.86471040534384,360941
2022-12-14 18:50:26.293406,AMAZON,337.2873379541359,223.12561812620746,498496
2024-03-04 18:50:26.293406,MICROSFT,156.748348373036,373.6892020238877,201331
2024-08-01 18:50:26.293406,TESLA,212.53032256302262,64.15368636613262,379652
2023-01-06 18:50:26.293406,TESLA,164.01521754111016,365.43372150238855,304225
2023-08-04 18:50:26.293406,GOOGLE,174.50817095526946,490.9433828567805,504286
2023-04-29 18:50:26.293406,TESLA,364.79058654909244,424.4238656360926,192625
2023-09-03 18:50:26.293406,AMAZON,284.27204704033045,55.72692089701264,340247
2024-05-08 18:50:26.293406,AAPLE,176.2262032274478,69.01603788354828,721774
2023-09-14 18:50:26.293406,AMAZON,443.9359052255992,394.01289615751307,757732
2024-01-14 18:50:26.293406,AAPLE,396.0657329987401,294.1972758356641,478570
2024-08-02 18:50:26.293406,AMAZON,175.30995876608466,169.63184365533004,522044
2024-08-31 18:50:26.293406,GOOGLE,245.26094981680333,192.8944504624214,868226
2023-11-10 18:50:26.293406,GOOGLE,159.62276831259342,405.7426093021342,82404
2023-07-01 18:50:26.293406,MICROSFT,207.55264355514936,242.51194326508042,727847
2022-12-24 18:50:26.293406,AMAZON,297.81458156300005,412.98813436794114,988599
2024-08-03 18:50:26.293406,MICROSFT,351.7281579499315,344.42908499212604,168337
2023-04-05 18:50:26.293406,GOOGLE,261.0422235766573,217.20092424186262,381022
2024-08-27 18:50:26.293406,TESLA,89.1684480367397,318.51735968667913,841984
2023-10-07 18:50:26.293406,TESLA,134.5639149520809,309.9664402284641,345559
2023-12-30 18:50:26.293406,TESLA,475.5325576354989,127.78232412907975,631266
2024-01-11 18:50:26.293406,AAPLE,485.2165842537036,441.8774249140502,386653
2024-07-21 18:50:26.293406,GOOGLE,250.2152158803028,333.5938336358903,382972
2024-02-28 18:50:26.293406,GOOGLE,204.1219885458196,206.99206570988014,317932
2024-09-09 18:50:26.293406,GOOGLE,170.8986504941663,419.61493373361355,596281
2023-05-12 18:50:26.293406,GOOGLE,279.5330156222443,152.19652607636496,402167
2023-11-09 18:50:26.293406,AAPLE,248.33174901818577,451.43916285100585,203851
2022-11-08 18:50:26.293406,AAPLE,420.3875080143801,355.2620418243963,608788
2023-03-22 18:50:26.293406,TESLA,398.8709412400489,146.96992745423182,341201
2022-12-07 18:50:26.293406,TESLA,303.6000439553442,227.87871582878338,394096
2024-01-09 18:50:26.293406,TESLA,72.99286156360961,336.67082308366736,803922
2024-01-02 18:50:26.293406,GOOGLE,488.8190270062818,166.31305479333645,11103
2022-10-17 18:50:26.293406,AAPLE,202.06887740840685,435.0430993249575,558141
2023-07-10 18:50:26.293406,AMAZON,278.04968966436013,292.9398456324212,192674
2024-03-26 18:50:26.293406,TESLA,311.6256845080222,65.149409227001,534061
2024-02-24 18:50:26.293406,AMAZON,109.33995327409147,298.4197976573831,85641
2023-01-28 18:50:26.293406,GOOGLE,256.4347504477348,492.6153544670076,169247
2023-04-14 18:50:26.293406,TESLA,301.45141893184484,178.23106765744873,733832
2022-10-25 18:50:26.293406,GOOGLE,243.2806555401407,353.2125811705586,243263
2024-06-13 18:50:26.293406,AMAZON,430.34132458124066,350.41972675462733,860979
2024-08-06 18:50:26.293406,AAPLE,169.8357110243931,86.79500245288139,279214
2024-07-12 18:50:26.293406,MICROSFT,310.164540266302,154.56651907076764,891600
2024-05-28 18:50:26.293406,TESLA,94.0198847345876,340.7679029603627,347599
2024-07-21 18:50:26.293406,AMAZON,331.3963791231294,448.9993495722407,338554
2023-05-09 18:50:26.293406,TESLA,207.17652406606587,165.86690733978298,821859
2024-01-01 18:50:26.293406,GOOGLE,334.13626278331003,181.65976277140945,69637
2024-06-01 18:50:26.293406,MICROSFT,99.10661637379872,193.46364293890082,818566
2024-01-28 18:50:26.293406,TESLA,106.37028226239005,279.65993893928953,783675
2024-03-23 18:50:26.293406,MICROSFT,125.80697956396067,393.7273170340698,376865
2023-01-27 18:50:26.293406,TESLA,206.00585743993594,411.329106007559,876934
2023-06-21 18:50:26.293406,AAPLE,227.57284028210248,349.8544306710182,612395
2024-08-15 18:50:26.293406,AAPLE,343.96694975519284,283.2602089961573,764057
2022-11-13 18:50:26.293406,TESLA,172.79607983542897,336.40869379046427,542467
2023-06-11 18:50:26.293406,AMAZON,50.2673889992698,170.01244642921964,751951
2023-06-08 18:50:26.293406,GOOGLE,170.4196729792091,144.88640053031259,449153
2024-07-18 18:50:26.293406,GOOGLE,210.5528957170203,196.61291617258786,923102
2022-11-01 18:50:26.293406,AMAZON,147.17386753867243,224.56751005858015,452302
2023-10-31 18:50:26.293406,AMAZON,251.94450003308648,153.07171347580572,754261
2023-03-09 18:50:26.293406,MICROSFT,341.46976129941453,390.15474439532005,151856
2023-03-03 18:50:26.293406,AAPLE,422.43769783419486,140.1318670966915,823743
2024-04-17 18:50:26.293406,AAPLE,469.82423124023404,321.93410125247334,453992
2023-12-09 18:50:26.293406,GOOGLE,346.00394502280176,92.22177349074357,34390
2024-09-24 18:50:26.293406,TESLA,52.36796267012968,208.49617249592157,176119
2024-04-19 18:50:26.293406,AMAZON,482.015432990276,243.91555866796827,220090
2023-12-26 18:50:26.293406,TESLA,352.3240148760099,342.82316569130955,457615
2024-02-21 18:50:26.293406,MICROSFT,270.47921426257597,347.22855306271254,361166
2024-08-09 18:50:26.293406,MICROSFT,285.8006076620591,274.0355504614537,840117
2024-04-05 18:50:26.293406,AMAZON,222.84583961687653,431.1702786412129,48757
2023-09-06 18:50:26.293406,MICROSFT,87.80958232359413,307.48777808981566,619028
2024-08-04 18:50:26.293406,AMAZON,125.0132323534436,184.22579175904036,550854
2024-08-02 18:50:26.293406,AMAZON,66.00750890418374,339.47592264585194,236406
2023-10-22 18:50:26.293406,TESLA,391.64337883436735,377.6947495044059,894609
2023-03-10 18:50:26.293406,AMAZON,201.02386425100957,218.147443973144,583737
2024-10-02 18:50:26.293406,AAPLE,61.87195702944108,305.68271150862944,74304
2024-08-10 18:50:26.293406,AMAZON,75.80299269124097,414.08117652179527,575842
2022-10-06 18:50:26.293406,GOOGLE,304.60459945769617,426.0401330628935,517465
2023-06-25 18:50:26.293406,AMAZON,382.8841317444487,225.2013482821775,693731
2024-05-08 18:50:26.293406,AMAZON,219.70567448068923,404.8204498074995,778017
2023-10-28 18:50:26.293406,MICROSFT,446.2575307135789,467.53995239453843,674403
2023-12-31 18:50:26.293406,AAPLE,285.6655432844193,122.66719988587384,424348
2023-04-12 18:50:26.293406,AMAZON,71.74704407767395,354.18331980684957,155971
2023-05-02 18:50:26.293406,AMAZON,272.99983203686145,352.65118673385933,528143
2024-08-13 18:50:26.293406,TESLA,476.21843677553915,384.024760351664,385189
2024-08-27 18:50:26.293406,GOOGLE,351.9938247145344,379.3516378841184,551237
2024-04-20 18:50:26.293406,TESLA,143.154767211419,201.27820017003899,228553
2024-03-14 18:50:26.293406,AMAZON,258.72217717190387,230.33135181933156,267376
2023-06-15 18:50:26.293406,AMAZON,395.023443853857,441.89356607680435,346351
2023-06-01 18:50:26.293406,TESLA,131.9638875713964,303.8429615408701,926504
2024-07-14 18:50:26.293406,MICROSFT,419.93183841029025,190.73775870823218,951025
2022-10-28 18:50:26.293406,MICROSFT,319.91072420680183,499.14709003805734,642240
2024-02-29 18:50:26.293406,AAPLE,84.4325709925948,379.1701457074761,317817
2022-12-12 18:50:26.293406,AAPLE,353.192170822652,357.48067813498403,215663
2023-01-13 18:50:26.293406,MICROSFT,262.33630416344874,436.42816054881325,636387
2022-11-19 18:50:26.293406,AAPLE,437.4110643731109,264.2698634918995,254261
2022-12-04 18:50:26.293406,TESLA,154.81272398468985,255.3963773089319,369415
2024-09-29 18:50:26.293406,AAPLE,382.59186712542555,185.25667254731817,353717
2022-11-22 18:50:26.293406,GOOGLE,430.1635175318894,280.5648240897662,179416
2022-10-25 18:50:26.293406,AMAZON,155.76410701734133,319.67841302205596,521650
2023-02-26 18:50:26.293406,GOOGLE,440.16552872822837,383.1573778098648,321087
2023-12-23 18:50:26.293406,TESLA,127.08068807952003,186.41960991263198,855773
2023-07-31 18:50:26.293406,AMAZON,128.32102441669468,122.24152563498379,301456
2023-04-15 18:50:26.293406,MICROSFT,132.53362659160354,350.3634352978631,920644
2022-12-08 18:50:26.293406,AMAZON,151.11085789996952,98.1592696189588,724807
2022-10-12 18:50:26.293406,GOOGLE,119.58575950807825,125.26318339501998,938337
2024-07-26 18:50:26.293406,AAPLE,244.651976731231,364.1145058820664,712475
2022-12-26 18:50:26.293406,AAPLE,156.57625663401672,110.24833402028884,631862
2024-03-02 18:50:26.293406,TESLA,307.5415674726376,203.53704662152728,676152
2024-03-05 18:50:26.293406,TESLA,169.2375817926098,336.23238197195855,167006
2024-05-04 18:50:26.293406,AAPLE,433.65885809628594,280.2754755630092,48923
2023-07-08 18:50:26.293406,TESLA,83.69002995543761,148.03116523243546,961503
2024-05-25 18:50:26.293406,AAPLE,89.48867700327264,497.6785900619839,84214
2022-11-01 18:50:26.293406,TESLA,155.77736659304165,204.97304734068794,177085
2024-08-05 18:50:26.293406,TESLA,75.14350319238176,448.0119629948774,361830
2023-04-25 18:50:26.293406,GOOGLE,236.20964243403293,424.55753404641405,916952
2024-09-24 18:50:26.293406,MICROSFT,133.33429182207544,428.97663642922123,118867
2024-03-27 18:50:26.293406,AMAZON,379.764534340039,66.53410327634793,820619
2023-04-07 18:50:26.293406,TESLA,494.49302825097715,81.38942076346872,933118
2024-05-02 18:50:26.293406,GOOGLE,124.13812995447286,271.1897641829868,791781
2023-01-09 18:50:26.293406,AAPLE,472.19660332835923,438.40141678718896,493444
2023-07-17 18:50:26.293406,AAPLE,139.59529271184527,376.21727719611283,664977
2024-09-23 18:50:26.293406,AMAZON,310.4638474552674,299.5184480314255,988589
2022-12-22 18:50:26.293406,AMAZON,496.91250380945615,78.71590324536612,188418
2024-08-13 18:50:26.293406,AAPLE,279.42617609591105,373.11074756631945,747050
2022-12-11 18:50:26.293406,GOOGLE,189.0612059378004,75.85864503510541,884447
2023-08-13 18:50:26.293406,GOOGLE,457.23533899253835,472.732442885423,208790
2024-01-28 18:50:26.293406,MICROSFT,209.65725947436312,146.56040518391075,453597
2023-10-11 18:50:26.293406,AAPLE,126.185456020453,475.84353293686473,665551
2023-07-14 18:50:26.293406,AMAZON,349.4755262310949,200.10152955320027,825888
2023-01-14 18:50:26.293406,AMAZON,99.96149471319032,154.50033408713432,77555
2023-01-08 18:50:26.293406,AMAZON,394.57085950715634,273.92988313170827,606040
2023-08-27 18:50:26.293406,MICROSFT,109.96760314154687,412.56044358782833,280077
2022-11-30 18:50:26.293406,TESLA,362.3533291172595,205.2137091596223,374533
2024-07-10 18:50:26.293406,TESLA,499.64553835658455,53.78721600571604,881030
2023-06-06 18:50:26.293406,TESLA,332.8876500795934,293.85286652202603,908332
2024-03-26 18:50:26.293406,AMAZON,304.24436971196377,295.9207361258292,562566
2023-12-23 18:50:26.293406,TESLA,289.6917838695478,318.8866228299196,640140
2024-01-29 18:50:26.293406,MICROSFT,442.48671820426887,491.1729570718327,724945
2023-02-18 18:50:26.293406,AMAZON,469.9402118593571,487.02251835956315,747776
2023-06-12 18:50:26.293406,TESLA,348.0252210043483,261.6089733857719,599821
2024-07-24 18:50:26.293406,TESLA,158.5175858210016,354.5817160903592,691359
2024-03-14 18:50:26.293406,AAPLE,338.89039084526223,224.51479425410818,231886
2023-08-02 18:50:26.293406,GOOGLE,315.17127169574076,301.52352074858476,443932
2024-05-05 18:50:26.293406,TESLA,291.01723727962155,373.0507805700451,888371
2022-12-07 18:50:26.293406,TESLA,70.477848174105,61.4031322003875,224050
2024-06-14 18:50:26.293406,GOOGLE,180.64511636665074,497.9462802161204,685386
2023-10-17 18:50:26.293406,GOOGLE,98.16715201206983,98.35956337871605,552796
2023-08-21 18:50:26.293406,AMAZON,52.92884522903686,198.5768709023706,438851
2022-12-10 18:50:26.293406,GOOGLE,468.1065722880733,466.42623025509045,448868
2024-06-24 18:50:26.293406,MICROSFT,107.0112483631928,196.06309676811142,120427
2024-03-01 18:50:26.293406,GOOGLE,54.48400794698267,312.2316655910205,617924
2023-03-15 18:50:26.293406,AAPLE,404.979211600618,303.42654940511795,13565
2023-09-27 18:50:26.293406,TESLA,375.59246037719385,88.68998890748377,730354
2024-06-13 18:50:26.293406,TESLA,82.93893089846458,462.73998691781765,906054
2024-09-22 18:50:26.293406,TESLA,275.16149289131465,195.1027832301974,905612
2024-07-01 18:50:26.293406,AAPLE,139.06451130152385,390.9739364058455,46551
2024-03-09 18:50:26.293406,TESLA,474.4362969113919,288.9169453470332,159248
2024-01-25 18:50:26.293406,AMAZON,371.31344956849085,205.5772359721074,570959
2023-12-07 18:50:26.293406,AAPLE,133.12972440313695,379.74191941405877,567575
2023-01-18 18:50:26.293406,GOOGLE,260.68372544450256,102.4953665676698,371240
2023-12-24 18:50:26.293406,AMAZON,410.65769107918305,137.3099399876166,687132
2023-09-24 18:50:26.293406,MICROSFT,87.38043691283843,345.28322364404846,879942
2023-11-28 18:50:26.293406,TESLA,236.2904479669242,211.58049426988526,806991
2024-04-02 18:50:26.293406,AMAZON,251.9269555838019,272.1439668387877,843102
2022-10-18 18:50:26.293406,AAPLE,308.09084826048434,238.87715442698482,736732
2024-07-16 18:50:26.293406,TESLA,473.663142420346,60.17777185676388,153393
2023-09-08 18:50:26.293406,GOOGLE,270.3436113214798,74.92657851856264,753524
2023-08-28 18:50:26.293406,MICROSFT,441.00154767299665,162.75084521017789,547289
2024-03-05 18:50:26.293406,TESLA,112.2351729260844,405.4859881563653,266428
2023-08-25 18:50:26.293406,AAPLE,68.9493646260945,405.2086455621888,401722
2024-01-13 18:50:26.293406,TESLA,74.8608881237221,460.6797688009688,855380
2024-03-08 18:50:26.293406,MICROSFT,331.1084890017629,110.05247084756022,667430
2024-01-28 18:50:26.293406,TESLA,178.82725977635766,498.650018352762,638722
2024-04-27 18:50:26.293406,MICROSFT,394.19978444485173,270.1886837216774,667859
2023-11-24 18:50:26.293406,GOOGLE,185.7597247896794,394.6488165619739,249462
2024-01-31 18:50:26.293406,AAPLE,166.50838371492625,324.2191528107588,651574
2023-05-16 18:50:26.293406,AMAZON,223.4027868459276,440.7851571778528,43399
2023-08-20 18:50:26.293406,GOOGLE,162.46764078816477,335.10031448107173,502177
2023-04-08 18:50:26.293406,GOOGLE,91.56148292112579,58.886173880272494,678337
2022-11-22 18:50:26.293406,AMAZON,322.7092462469459,383.4777931003759,494565
2023-12-01 18:50:26.293406,AAPLE,422.7437822460066,159.9670438731403,959339
2024-02-13 18:50:26.293406,TESLA,280.11006013697784,383.79230949033916,651187
2022-10-15 18:50:26.293406,AAPLE,124.34642282619664,88.8965821749016,376357
2023-03-24 18:50:26.293406,GOOGLE,226.15357805778163,246.73694910199222,397881
2024-02-15 18:50:26.293406,AMAZON,421.71270620039246,149.33523590944264,850198
2024-05-07 18:50:26.293406,MICROSFT,76.92956629216562,210.47854536727212,428229
2022-11-29 18:50:26.293406,AAPLE,218.57458011542425,184.79917217266294,194772
2024-06-25 18:50:26.293406,AAPLE,69.60730533501547,316.580381143226,810803
2023-04-11 18:50:26.293406,GOOGLE,184.62152011859507,455.29615789119975,923702
2024-05-25 18:50:26.293406,GOOGLE,150.17628743046387,156.51027084436072,346074
2024-04-19 18:50:26.293406,MICROSFT,148.94251178865886,140.98765684336644,139961
2023-11-05 18:50:26.293406,MICROSFT,386.0857434306115,250.95362192061273,170860
2023-10-01 18:50:26.293406,GOOGLE,403.2344176152236,186.23356905799503,948750
2024-04-25 18:50:26.293406,MICROSFT,326.06186817411384,238.00680753856972,265146
2024-02-05 18:50:26.293406,AAPLE,267.46218515565135,473.93680870699535,799512
2024-05-09 18:50:26.293406,MICROSFT,201.23578744060003,389.6136836893438,96159
2023-09-04 18:50:26.293406,TESLA,288.90619012659164,203.23268361894415,451115
2022-12-25 18:50:26.293406,AAPLE,354.86265742145366,372.26263402550705,530955
2023-08-24 18:50:26.293406,AMAZON,199.83297360132968,77.60587185663623,64716
2023-08-24 18:50:26.293406,MICROSFT,484.4610058240227,188.52045207947995,453675
2024-04-11 18:50:26.293406,AAPLE,452.72350283704696,268.3931098191166,119001
2024-06-15 18:50:26.293406,TESLA,238.0907543110739,242.75045114823203,378014
2024-07-04 18:50:26.293406,MICROSFT,127.47553485161102,163.78755261803985,938441
2023-01-08 18:50:26.293406,AAPLE,451.8774464974265,81.34008988598363,767440
2024-05-07 18:50:26.293406,AAPLE,264.1565618671261,369.3981893595823,604165
2023-04-14 18:50:26.293406,MICROSFT,402.74261189131073,372.9756199761243,713212
2023-12-31 18:50:26.293406,AMAZON,159.48195387480678,228.54646141315087,661865
2023-08-04 18:50:26.293406,TESLA,478.271750966353,289.1668765265499,653517
2022-12-20 18:50:26.293406,AAPLE,200.80574119987477,304.457019540498,772595
2023-10-15 18:50:26.293406,MICROSFT,289.0059775181102,66.95320984407287,673773
2023-08-23 18:50:26.293406,AMAZON,335.5465891708937,375.2126101976057,898237
2024-04-18 18:50:26.293406,GOOGLE,50.79479605444377,322.8645146988548,376036
2023-07-28 18:50:26.293406,AAPLE,116.54007746874149,210.33362509191005,203617
2024-01-06 18:50:26.293406,AMAZON,262.550488459344,322.64635404639677,453166
2023-03-12 18:50:26.293406,GOOGLE,445.228021746524,240.82500512525925,296172
2023-09-26 18:50:26.293406,MICROSFT,194.47245007605315,488.5882541735953,360275
2023-01-14 18:50:26.293406,GOOGLE,378.7187487290255,243.97508617442304,286985
2024-07-22 18:50:26.293406,AMAZON,311.4658336395861,398.8700788796797,231484
2024-07-30 18:50:26.293406,AMAZON,89.2335988265126,333.3850891362062,742915
2024-07-11 18:50:26.293406,TESLA,249.70234204423406,451.9337468112706,654180
2024-01-13 18:50:26.293406,TESLA,197.20980181537885,323.7957654264652,973718
2023-08-30 18:50:26.293406,AAPLE,485.4967189257314,375.29091930606035,913874
2023-07-18 18:50:26.293406,AMAZON,96.14037234997278,276.9425718039216,910127
2023-07-17 18:50:26.293406,TESLA,421.21138266933696,443.54193547115847,843150
2022-11-07 18:50:26.293406,MICROSFT,209.26034112733237,320.91539352788834,628164
2023-06-10 18:50:26.293406,AMAZON,487.6271124957746,285.28710871980513,253420
2023-03-09 18:50:26.293406,AMAZON,371.16706129444725,152.88791864013123,35234
2023-08-30 18:50:26.293406,AAPLE,333.09437150094544,266.3574800526498,546356
2023-10-13 18:50:26.293406,AAPLE,375.0015715464264,379.1528808586277,871774
2024-10-04 18:50:26.293406,MICROSFT,257.80988446152423,135.06339735679222,92369
2023-05-30 18:50:26.293406,TESLA,410.7257978197028,237.23456230245034,718995
2024-05-23 18:50:26.293406,AAPLE,118.75916269825478,192.3007051727844,957219
2024-02-05 18:50:26.293406,TESLA,498.30742434923724,484.32738218822954,122210
2023-01-19 18:50:26.293406,AMAZON,293.04841629918735,342.2200166680319,563473
2023-12-09 18:50:26.293406,MICROSFT,192.99799070085774,182.67964422001035,541767
2022-10-24 18:50:26.293406,AAPLE,144.21865403161087,308.1401312683943,334458
2024-06-07 18:50:26.293406,GOOGLE,412.7348974195831,247.6511316609855,172224
2023-07-28 18:50:26.293406,TESLA,104.4661518831082,370.7776954369662,494715
2023-05-02 18:50:26.293406,TESLA,180.8526126850038,288.8825234740762,885659
2023-11-13 18:50:26.293406,TESLA,357.04992244141107,189.0728564932353,897890
2023-01-25 18:50:26.293406,AAPLE,158.69325145698198,98.7098542085644,549860
2023-04-08 18:50:26.293406,AAPLE,349.48174179486654,168.03214526903807,547532
2024-07-28 18:50:26.293406,AMAZON,90.07040868050545,128.36547476471054,936128
2024-04-16 18:50:26.293406,AMAZON,51.597990023379296,133.5757228638331,410359
2023-10-16 18:50:26.293406,GOOGLE,318.2079069789091,58.69290825246003,213626
2024-05-04 18:50:26.293406,MICROSFT,226.49240070946183,411.31908213802683,233234
2023-12-20 18:50:26.293406,TESLA,212.24475085399192,453.74096066450727,403848
2024-07-11 18:50:26.293406,TESLA,253.23228944119703,128.5905227596367,36365
2023-01-21 18:50:26.293406,GOOGLE,482.3010475738009,55.89473642607107,636786
2023-01-13 18:50:26.293406,MICROSFT,197.79698475929698,163.085239488443,312328
2023-06-17 18:50:26.293406,GOOGLE,86.79500685319566,96.88475760914497,9637
2022-12-25 18:50:26.293406,GOOGLE,120.91993765659875,180.57986187266877,112328
2023-11-09 18:50:26.293406,TESLA,395.54152896610606,208.18099413011882,698942
2024-03-11 18:50:26.293406,TESLA,185.1987739144344,73.48284692604675,889119
2023-05-18 18:50:26.293406,AAPLE,270.547516213579,253.42498585115214,319572
2023-05-18 18:50:26.293406,MICROSFT,490.5182036448312,209.09234813514863,609525
2023-06-13 18:50:26.293406,GOOGLE,443.8719083181694,278.6544435661126,363011
2023-04-24 18:50:26.293406,MICROSFT,112.68851669182862,312.0177399593347,71489
2024-06-02 18:50:26.293406,MICROSFT,90.98044990368999,57.74264002233944,584928
2022-12-07 18:50:26.293406,MICROSFT,242.73042093085016,303.582554201471,124027
2024-01-06 18:50:26.293406,TESLA,83.96837474478602,58.35567128854143,900173
2023-09-08 18:50:26.293406,AMAZON,424.38332206097454,427.63942111542815,353921
2023-01-07 18:50:26.293406,GOOGLE,310.87083405702367,209.74694864986782,132209
2023-04-18 18:50:26.293406,AAPLE,477.2544476469274,81.37580517137089,446318
2024-09-11 18:50:26.293406,AAPLE,408.3549714657746,372.4185807438845,979025
2024-04-08 18:50:26.293406,AMAZON,384.3540683808138,463.15713242366473,432612
2024-07-15 18:50:26.293406,TESLA,251.00888039188274,334.4372758998922,269501
2024-02-16 18:50:26.293406,AMAZON,430.2310268614876,335.37939696432994,445863
2022-12-30 18:50:26.293406,TESLA,125.27164124923762,221.0445259674204,830417
2023-08-21 18:50:26.293406,AMAZON,284.70227589485154,400.40861515185264,527375
2023-06-03 18:50:26.293406,AAPLE,248.11954654362552,302.2970448786297,408671
2022-11-12 18:50:26.293406,TESLA,326.21049052434097,129.3157179154001,494307
2024-04-09 18:50:26.293406,TESLA,167.71423236349858,90.44352283214229,919960
2024-08-20 18:50:26.293406,GOOGLE,315.36625991451405,322.13967825398277,195462
2024-10-04 18:50:26.293406,AAPLE,298.1279967328388,190.9353441737321,85623
2024-10-03 18:50:26.293406,AAPLE,464.9586459695668,415.55357565179963,657596
2023-04-04 18:50:26.293406,AMAZON,463.07379749795444,347.8076323605,93992
2024-03-02 18:50:26.293406,AAPLE,133.43725111369378,195.815966349756,987734
2024-04-13 18:50:26.293406,MICROSFT,345.47077937951366,85.4624144170358,670327
2022-10-25 18:50:26.293406,AMAZON,254.54168945046234,117.58678134337643,938393
2023-05-12 18:50:26.293406,AMAZON,371.3033361469157,448.8521257417927,612571
2024-09-21 18:50:26.293406,AMAZON,270.75738872116665,155.35301089068253,405398
2023-03-23 18:50:26.293406,MICROSFT,447.07256297959765,499.94325692182326,64899
2024-01-09 18:50:26.293406,AMAZON,337.55151567400713,394.24188014494985,833335
2024-05-31 18:50:26.293406,GOOGLE,194.57758730388798,192.34686082305038,141442
2024-07-01 18:50:26.293406,AMAZON,98.65547775796465,401.7685145643106,426176
2023-05-11 18:50:26.293406,AMAZON,321.08557580383484,411.14323415457113,674818
2023-08-24 18:50:26.293406,AAPLE,225.4575343305307,225.6255257699239,538833
2023-07-24 18:50:26.293406,GOOGLE,178.63458994064382,281.0755898031272,907576
2024-05-21 18:50:26.293406,AAPLE,130.3235443928752,225.3948877257785,834230
2023-02-13 18:50:26.293406,TESLA,132.0913270478781,432.6419841561631,199926
2022-12-18 18:50:26.293406,AAPLE,263.78265226422866,181.73418631970532,639924
2023-06-10 18:50:26.293406,AMAZON,152.6457743653097,369.3524015528362,920784
2022-10-29 18:50:26.293406,TESLA,168.2864571689429,238.07691988673778,332234
2023-08-30 18:50:26.293406,GOOGLE,152.6144331707725,468.1724925067299,102134
2023-02-10 18:50:26.293406,GOOGLE,216.65471430867962,50.06334881442401,356269
2024-09-02 18:50:26.293406,TESLA,241.96075101917572,98.41512344666631,308291
2023-09-09 18:50:26.293406,GOOGLE,130.1227957108298,214.63569105024504,4673
2024-05-09 18:50:26.293406,MICROSFT,67.0725961116942,419.65563192304813,998867
2024-06-13 18:50:26.293406,TESLA,457.2533164460289,496.43912488003804,473092
2023-07-24 18:50:26.293406,GOOGLE,193.18232723762148,499.836578824874,888224
2022-10-12 18:50:26.293406,TESLA,71.61178695601569,472.379921929774,152432
2023-08-14 18:50:26.293406,AMAZON,94.31344507925618,477.15318386158236,67726
2023-04-16 18:50:26.293406,MICROSFT,138.91235828547929,411.9127200176578,204622
2022-11-17 18:50:26.293406,AAPLE,356.92336543121064,82.98118483846068,834308
2023-01-17 18:50:26.293406,MICROSFT,429.3091633072034,257.8518558945873,239149
2024-04-25 18:50:26.293406,TESLA,452.44532170852847,55.500701044135205,14975
2023-04-27 18:50:26.293406,TESLA,322.59431972109667,193.1853299412633,670212
2023-10-04 18:50:26.293406,MICROSFT,405.94396916633497,104.1901682137141,167615
2023-09-13 18:50:26.293406,TESLA,448.7573042299632,75.72748880436616,355912
2024-03-04 18:50:26.293406,AAPLE,198.9337428321286,403.04005315436535,680101
2022-12-02 18:50:26.293406,AMAZON,265.3554571907843,465.1438885204039,639561
2023-11-15 18:50:26.293406,AAPLE,147.42548515053036,356.65853718079353,131900
2023-11-22 18:50:26.293406,MICROSFT,444.991530504895,382.13582046573924,454945
2023-01-22 18:50:26.293406,GOOGLE,172.31479129115615,59.2151819430446,983569
2022-11-27 18:50:26.293406,TESLA,386.3612756356187,184.18367518223732,368837
2024-01-18 18:50:26.293406,GOOGLE,242.48301449034867,211.97050605561301,578084
2024-05-07 18:50:26.293406,TESLA,91.85971122304076,417.93044699791955,2132
2023-11-01 18:50:26.293406,GOOGLE,421.66511558689086,328.31585241452706,651367
2023-10-20 18:50:26.293406,GOOGLE,496.4683123899938,67.15606317055672,36164
2023-03-08 18:50:26.293406,GOOGLE,282.1081361549119,65.60880625542396,179344
2022-12-04 18:50:26.293406,AMAZON,414.71340888790036,233.41729088193262,617410
2023-09-02 18:50:26.293406,AMAZON,244.63154931399572,148.1312176325785,880948
2023-06-10 18:50:26.293406,MICROSFT,458.1791239784224,377.6206337097387,345443
2023-06-07 18:50:26.293406,TESLA,261.01005426551126,448.6702532284835,43160
2023-06-26 18:50:26.293406,MICROSFT,420.39192767837443,391.9787063748412,915846
2023-09-01 18:50:26.293406,AMAZON,267.00436390116573,194.16733579123758,25446
2022-10-21 18:50:26.293406,TESLA,319.2117231501401,134.28517095951875,200413
2024-04-21 18:50:26.293406,AAPLE,236.06144643083724,107.28316961572519,893668
2023-04-19 18:50:26.293406,AAPLE,274.32952311621966,240.20450914470632,279690
2024-01-23 18:50:26.293406,MICROSFT,196.93760263251073,81.91582083278674,328724
2023-03-21 18:50:26.293406,GOOGLE,479.2018480598763,145.8779885466135,124908
2024-02-19 18:50:26.293406,AAPLE,457.8531815681615,256.8475892217382,293542
2024-06-01 18:50:26.293406,GOOGLE,447.7512634999734,440.98010408135457,945359
2023-01-07 18:50:26.293406,AMAZON,169.02619246609873,374.9355185278918,602882
2023-12-28 18:50:26.293406,AMAZON,129.92056796993438,482.5330180937355,386098
2023-09-06 18:50:26.293406,AMAZON,123.21290756927384,225.82592917856908,871547
2023-08-20 18:50:26.293406,MICROSFT,174.92557132101666,273.16550731705786,855932
2023-10-12 18:50:26.293406,AAPLE,323.692015379278,440.53588932848635,728472
2023-04-03 18:50:26.293406,MICROSFT,473.3771481700277,267.17822859400576,573832
2023-11-22 18:50:26.293406,AAPLE,408.582419332745,202.42528191473082,211014
2023-09-14 18:50:26.293406,GOOGLE,469.34185781483154,221.2222234393219,870092
2023-10-05 18:50:26.293406,AAPLE,333.22503545080457,339.819650845731,414818
2022-10-30 18:50:26.293406,MICROSFT,64.8763924827983,443.8910366220894,43554
2023-10-18 18:50:26.293406,AAPLE,353.2623409381261,377.38127213270616,8211
2022-10-27 18:50:26.293406,TESLA,487.46508417518515,158.5546054400175,859955
2023-12-20 18:50:26.293406,AAPLE,161.40369219577093,207.50793141982325,496988
2023-07-27 18:50:26.293406,GOOGLE,354.219829856508,247.159841032944,417414
2022-11-15 18:50:26.293406,GOOGLE,89.12982570294491,449.4523654055342,208318
2024-04-23 18:50:26.293406,TESLA,160.53843004729555,300.0815536164853,554051
2023-05-26 18:50:26.293406,MICROSFT,478.4167939934682,497.83239677309444,53631
2024-02-20 18:50:26.293406,MICROSFT,355.56424983951774,317.3923296675357,707332
2023-04-15 18:50:26.293406,TESLA,250.49548688994466,175.77846719319834,885315
2024-02-22 18:50:26.293406,GOOGLE,71.32303843765486,284.4890862044656,207659
2023-09-30 18:50:26.293406,AAPLE,143.77146911201444,269.7673852610135,518078
2023-06-08 18:50:26.293406,TESLA,357.8865564041737,342.1290289620985,206437
2022-10-07 18:50:26.293406,AMAZON,168.89589212378513,467.47569360979037,163605
2023-08-02 18:50:26.293406,AMAZON,250.5867230010575,371.7918477361624,499310
2023-08-07 18:50:26.293406,TESLA,209.48977979703469,217.22073046340367,651883
2022-11-30 18:50:26.293406,AAPLE,410.27694191757115,199.05113454629026,924419
2022-12-01 18:50:26.293406,AAPLE,148.90257937949562,381.77035030313215,711169
2024-06-01 18:50:26.293406,TESLA,172.20602081058757,330.66984114461434,632626
2024-03-07 18:50:26.293406,GOOGLE,188.10090151258737,268.1227839320827,85808
2023-04-10 18:50:26.293406,TESLA,220.91036225274115,93.52836308419026,858801
2024-07-30 18:50:26.293406,GOOGLE,99.59504274023942,52.14581332415369,415072
2024-04-15 18:50:26.293406,AAPLE,211.08413472260065,282.8745628899352,34928
2023-01-01 18:50:26.293406,AMAZON,134.52663659236902,187.77090552550365,117345
2023-10-08 18:50:26.293406,TESLA,440.87146149930277,309.1664173761561,694246
2023-01-20 18:50:26.293406,GOOGLE,156.1113482751827,352.1294738790509,595498
2023-04-07 18:50:26.293406,AMAZON,147.83501308171708,61.70024240620837,512674
2022-10-08 18:50:26.293406,GOOGLE,60.42301663823358,491.24634216693653,671805
2023-09-05 18:50:26.293406,AMAZON,442.64824131533715,297.16815163802664,634752
2024-08-24 18:50:26.293406,AMAZON,183.25790898460238,390.0356626901664,224081
2023-04-24 18:50:26.293406,MICROSFT,124.44236939885498,318.4802165646372,44565
2023-06-01 18:50:26.293406,AAPLE,116.13569415173805,130.1516600436982,417180
2023-12-20 18:50:26.293406,MICROSFT,427.20844179869516,73.8527513698753,230167
2023-10-13 18:50:26.293406,GOOGLE,424.2665757673651,430.34668975303975,36908
2024-07-01 18:50:26.293406,GOOGLE,214.33467710584793,99.35684849282825,180568
2024-08-30 18:50:26.293406,AMAZON,65.81310887218285,170.61583671302589,18022
2023-05-01 18:50:26.293406,AMAZON,462.51977668781524,423.0915012334662,38588
2023-10-24 18:50:26.293406,AAPLE,246.54387200380253,338.06573560828696,538486
2023-04-05 18:50:26.293406,MICROSFT,439.4664919761039,80.11955181839295,287234
2024-04-05 18:50:26.293406,AMAZON,451.2534116129153,203.79053029832866,92803
2023-10-09 18:50:26.293406,AAPLE,146.00158533195273,426.04222231376536,316537
2024-09-27 18:50:26.293406,GOOGLE,87.02752562390162,456.5111560134435,617988
2024-07-22 18:50:26.293406,AAPLE,55.55177801613236,269.6185814029243,184970
2023-01-31 18:50:26.293406,AAPLE,430.7664450519689,77.00303444262835,824914
2024-02-03 18:50:26.293406,GOOGLE,468.7291116399881,69.01283100164301,514919
2024-07-09 18:50:26.293406,MICROSFT,309.8026021839269,143.9746415900836,43685
2024-03-01 18:50:26.293406,GOOGLE,483.8910386573974,327.90529088264276,688843
2024-01-26 18:50:26.293406,AAPLE,322.2462930583059,297.69159365252517,516394
2024-07-03 18:50:26.293406,AAPLE,485.22221174304207,484.52158183934563,440257
2023-08-06 18:50:26.293406,MICROSFT,295.8553722723551,194.77282549595503,712744
2023-12-17 18:50:26.293406,GOOGLE,86.40111209160726,221.78099790140317,370021
2024-08-11 18:50:26.293406,GOOGLE,355.17367698471986,388.4806762398946,649161
2024-07-23 18:50:26.293406,MICROSFT,262.68958009327173,191.40835343758368,906639
2024-04-26 18:50:26.293406,AAPLE,190.2277359374229,262.58244463552876,712741
2023-02-05 18:50:26.293406,MICROSFT,153.57132532564148,146.37849524375082,280455
2023-01-09 18:50:26.293406,GOOGLE,381.2351687142856,402.3037854877615,974286
2023-12-24 18:50:26.293406,MICROSFT,359.8470586333116,275.8302929503713,418606
2024-06-30 18:50:26.293406,TESLA,171.16784160182556,439.8366235545488,204329
2022-11-07 18:50:26.293406,TESLA,147.53885894873414,401.87013162744677,75026
2023-06-08 18:50:26.293406,MICROSFT,364.9847647356287,339.97581820079887,360841
2023-12-25 18:50:26.293406,MICROSFT,129.74328336460354,432.01939882781124,87461
2023-09-22 18:50:26.293406,MICROSFT,65.08297665685538,479.93341534990805,102241
2023-12-25 18:50:26.293406,MICROSFT,403.07673272480565,274.9296158609501,956678
2024-09-13 18:50:26.293406,AMAZON,110.76877943923313,372.8859323774808,496659
2023-05-17 18:50:26.293406,TESLA,134.99232770349454,448.28341675195213,910018
2023-03-14 18:50:26.293406,MICROSFT,403.07890404193745,159.57880383940994,836968
2024-07-16 18:50:26.293406,AAPLE,55.06611816977843,462.74593935651546,677068
2023-08-13 18:50:26.293406,TESLA,63.24266144343319,405.6501680332313,974164
2023-02-17 18:50:26.293406,AAPLE,354.30439081507984,263.05474600335515,296066
2024-07-03 18:50:26.293406,AAPLE,347.8480798521811,415.6051698052558,620639
2024-02-21 18:50:26.293406,MICROSFT,306.7484026016326,457.69377527372404,847779
2023-01-09 18:50:26.293406,AMAZON,297.01578444427906,354.54306692347126,399607
2023-02-08 18:50:26.293406,AAPLE,469.7598291674874,74.15585614088175,725006
2024-07-12 18:50:26.293406,AAPLE,222.25465881559305,403.3439664524816,806124
2024-09-20 18:50:26.293406,GOOGLE,264.71808311625705,252.96305616323522,370603
2024-02-17 18:50:26.293406,TESLA,425.41372037435997,162.43146838082606,562769
2023-03-08 18:50:26.293406,AMAZON,244.94660088468467,190.4224970001004,747600
2024-08-21 18:50:26.293406,AMAZON,182.7387650009871,484.492109497213,741332
2023-01-26 18:50:26.293406,AAPLE,285.7077661106562,345.5191017768394,317179
2022-11-21 18:50:26.293406,TESLA,305.0805103538687,459.3011631369607,630519
2023-09-27 18:50:26.293406,MICROSFT,218.40815247944678,493.6886519590561,104453
2024-01-29 18:50:26.293406,GOOGLE,362.02621479145813,437.57049701586016,18442
2024-07-07 18:50:26.293406,TESLA,467.45150651900343,363.9425888180715,107454
2023-08-13 18:50:26.293406,AMAZON,458.2018374052419,200.18402217006266,505130
2023-12-28 18:50:26.293406,AMAZON,240.8882178370578,367.9860095113932,79537
2024-01-04 18:50:26.293406,AAPLE,205.61844933011102,370.30151663490443,448971
2024-09-18 18:50:26.293406,AAPLE,172.34040303464639,192.65292565556373,589909
2022-11-01 18:50:26.293406,MICROSFT,427.0728206759415,335.1677629127758,893969
2022-12-06 18:50:26.293406,AMAZON,431.00129024476746,103.22558263034654,443128
2024-06-22 18:50:26.293406,TESLA,487.37676995355326,259.71651463295177,22011
2023-01-10 18:50:26.293406,TESLA,72.21498098323084,225.82555556424873,192637
2024-04-06 18:50:26.293406,AAPLE,110.38441118864495,494.4860283191727,958693
2023-06-16 18:50:26.293406,AMAZON,443.16140928895015,265.88076831292835,720032
2024-03-21 18:50:26.293406,TESLA,344.7542001290529,350.5316751607355,187334
2023-08-22 18:50:26.293406,AAPLE,286.58344835656436,254.86615462663323,276975
2024-02-21 18:50:26.293406,AAPLE,277.4541210839361,317.39201152495616,372095
2023-08-11 18:50:26.293406,MICROSFT,109.57050359137406,337.9898026486572,863984
2024-01-29 18:50:26.293406,TESLA,188.50935146685688,265.84905882637406,587724
2022-10-13 18:50:26.293406,GOOGLE,240.0284899868466,471.3546379260339,138029
2024-03-24 18:50:26.293406,TESLA,138.8863300953219,452.71565651030676,414233
2024-02-04 18:50:26.293406,MICROSFT,134.7492033155508,386.8209405209311,31699
2023-06-19 18:50:26.293406,MICROSFT,438.0064684325948,102.18542953187416,58646
2024-01-22 18:50:26.293406,GOOGLE,438.09805845958994,381.81535190148395,629749
2022-11-28 18:50:26.293406,GOOGLE,344.931078092188,468.25179288525175,333389
2024-01-20 18:50:26.293406,AMAZON,287.36137281013134,277.26660130377434,303984
2024-05-03 18:50:26.293406,MICROSFT,273.8612816264109,174.50039319262015,337604
2023-01-25 18:50:26.293406,AAPLE,348.5190555355674,291.47780104505676,175742
2023-08-13 18:50:26.293406,TESLA,91.81452930550488,142.2415747437655,853221
2024-08-06 18:50:26.293406,MICROSFT,423.5072172691067,499.87619364607343,429094
2023-01-13 18:50:26.293406,MICROSFT,398.6981662806166,232.61227067341218,495566
2023-06-29 18:50:26.293406,TESLA,61.8477889123123,371.6674639320412,302590
2024-07-01 18:50:26.293406,MICROSFT,400.1760728410818,373.97381292375707,625682
2023-04-03 18:50:26.293406,TESLA,306.03747629332844,228.0845396372392,338787
2024-01-11 18:50:26.293406,GOOGLE,424.69312735842504,362.83937114577407,499221
2022-11-10 18:50:26.293406,TESLA,176.20040543713534,482.52526774207575,102016
2023-10-13 18:50:26.293406,TESLA,340.2000625693422,306.47329453209085,738210
2024-02-27 18:50:26.293406,AMAZON,205.97757188067578,310.5423275860881,175335
2023-08-23 18:50:26.293406,TESLA,211.75750869429103,445.1656897494219,886437
2024-06-16 18:50:26.293406,GOOGLE,482.6193319906914,326.0886149419508,758711
2023-02-22 18:50:26.293406,TESLA,202.70198647941328,56.214126406270346,618286
2024-04-11 18:50:26.293406,AMAZON,271.07059343138326,292.61495806098867,382190
2024-06-30 18:50:26.293406,GOOGLE,64.31809891577444,349.05382320484574,57545
2023-10-21 18:50:26.293406,TESLA,65.99456564515648,239.0940286992935,90239
2023-02-14 18:50:26.293406,MICROSFT,71.98349627729968,256.3378790662225,971980
2023-09-08 18:50:26.293406,GOOGLE,244.53865366431955,74.51804131373878,308085
2023-03-16 18:50:26.293406,MICROSFT,256.29300883423394,82.22613535504325,794169
2022-11-29 18:50:26.293406,AAPLE,75.36520256830104,403.3506324446369,381479
2023-11-14 18:50:26.293406,TESLA,230.02841375403722,163.47927964090354,674050
2023-08-09 18:50:26.293406,AAPLE,382.55345944357333,405.4223424295331,605096
2024-09-18 18:50:26.293406,MICROSFT,97.442745268518,421.8870501503338,813547
2022-11-18 18:50:26.293406,GOOGLE,264.6438348811955,499.00829681930503,974444
2024-09-02 18:50:26.293406,GOOGLE,491.2300066133225,51.2382854818898,166202
2022-12-06 18:50:26.293406,AAPLE,338.9834334788018,179.36149438399238,781249
2023-09-25 18:50:26.293406,TESLA,61.76041136362202,491.4327661382717,532162
2023-09-06 18:50:26.293406,AAPLE,52.36231762220028,422.1822447147674,815392
2023-04-25 18:50:26.293406,AAPLE,367.77271843529854,319.28919635303885,160474
2023-01-10 18:50:26.293406,AMAZON,111.48061775187774,394.69977770252086,349603
2024-07-03 18:50:26.293406,AAPLE,268.6214709818065,89.17400485590213,355331
2024-02-06 18:50:26.293406,MICROSFT,495.49764684062967,174.879019275828,355551
2023-04-01 18:50:26.293406,AAPLE,186.00009528491984,78.6661718544125,385516
2023-01-02 18:50:26.293406,AAPLE,329.9337547216829,229.5223938068553,656170
2022-10-22 18:50:26.293406,AAPLE,212.07008542872694,119.2316621269312,837699
2024-09-16 18:50:26.293406,MICROSFT,192.0065584319177,431.9221991552698,724807
2023-02-24 18:50:26.293406,TESLA,330.9428924233658,224.2958497685441,976485
2023-05-21 18:50:26.293406,GOOGLE,241.51390222029445,184.9476927861442,152869
2024-05-06 18:50:26.293406,TESLA,208.43813248304357,246.69510085131816,787517
2024-04-21 18:50:26.293406,AAPLE,278.8333594865327,265.7773146844496,921910
2024-04-17 18:50:26.293406,TESLA,378.9465596174459,228.66216187018048,228639
2023-01-22 18:50:26.293406,TESLA,343.6992520561554,193.4082049132709,203010
2023-07-15 18:50:26.293406,TESLA,171.14840413144617,230.29341709623932,98462
2023-08-19 18:50:26.293406,GOOGLE,380.81295403565724,354.10481684605924,316398
2023-03-12 18:50:26.293406,AAPLE,268.4283595324578,121.36500437580472,781508
2024-01-19 18:50:26.293406,TESLA,370.6525418514612,166.06745155112202,874388
2024-05-12 18:50:26.293406,GOOGLE,155.29177642112037,98.63244197122827,544019
2023-07-25 18:50:26.293406,AAPLE,497.07720757503756,128.72033381986438,688195
2024-08-16 18:50:26.293406,AAPLE,206.60698470942663,181.00825687299147,4288
2024-07-07 18:50:26.293406,AMAZON,133.38862827266277,102.54930928374884,231368
2023-10-14 18:50:26.293406,AAPLE,160.6146831731215,364.02600586591967,764023
2023-09-03 18:50:26.293406,AAPLE,297.0267644950742,252.86978476425958,945238
